"Fold number","Train EVR PCs","Test EVR PCs","Train R2 PCs","Test R2 PCs","Train EVR no PCs","Test EVR no PCs","Train R2 no PCs","Test R2 no PCs"
"1","0.44747101386093902","0.20808341239059899","0.440400366935571","0.19959378563232","0.309492257392187","0.22047948409967","0.30441784969245","0.21268980109622701"
"2","0.43910503956406299","0.205014906461813","0.432192599077522","0.200892529606504","0.30143739749146298","0.22174773487638","0.29637230574074402","0.221228443782265"
"3","0.44681705802472699","0.284430939718056","0.30537796376006299","0.283830986967268","0.30537796376006299","0.283830986967268","0.30049485950413102","0.28381973479556999"
"4","0.461998748407288","0.215823808204616","0.45537272117080102","0.17601106171747999","0.32700652996242202","0.22002232840674199","0.32198850861316303","0.19188662490085301"
"5","0.46705618841371999","0.12031978882402899","0.46086428139850499","0.11853901665798899","0.329695977865192","0.12895578254405701","0.32502981150557803","0.125643667670294"
"Mean","0.45248960965414742","0.2067345711198226","0.41884158646849234","0.19577347611631218","0.3146020252942654","0.21500726337882342","0.30966066701121325","0.20705365444904178"
