"Fold number","Train EVR PCs","Test EVR PCs","Train R2 PCs","Test R2 PCs","Train EVR no PCs","Test EVR no PCs","Train R2 no PCs","Test R2 no PCs"
"1","0.19085967554857","9.0939380182283702E-2","0.19085858047175899","9.0611474698094302E-2","0.179331043260856","8.7180236497375996E-2","0.17932993999025201","8.5861199792679699E-2"
"2","0.159516665439281","0.160745506510269","0.159516267393054","0.15876543079028699","0.14584769868790401","0.16488667478161501","0.145847420034173","0.16077012938025101"
"3","0.16859384597494401","0.144655352030722","0.16859340196208999","0.13756797560312001","0.15744626166719999","0.138594880412865","0.15744557387920799","0.133203370411247"
"4","0.17450719036642501","9.1627554343764503E-2","0.17450580003987501","1.3366528766354E-2","0.16352126251792601","8.7591379156514396E-2","0.16351962654499599","2.1561715426330199E-2"
"5","0.171308736665685","0.13892501450280101","0.17130703491140001","0.13610628309831699","0.16036436929391801","0.138010535931193","0.16036248338813999","0.13546999093669501"
"Mean","0.17295722279898101","0.12537856151396803","0.17295621695563562","0.10728353859123445","0.1613021270855608","0.12325274135591266","0.16130100876735379","0.10737328118944059"
