group,n_results,results
overall,15019,0.17505842655361847
AA,689,0.215772724249074
AsA,337,0.20100070479065824
EA,12704,0.16150874129041626
HA,2,0.7270237265940755
overall,15019,0.1257340913152304
AA,689,0.09004681898545963
AsA,337,0.16000094684907606
EA,12704,0.12589943900194944
HA,2,0.46896257862448687
